Date,Close
2006-01-03,4196.59
2006-01-04,4226.17
2006-01-05,4242.12
2006-01-06,4290.46
2006-01-09,4315.08
2006-01-10,4321.0
2006-01-11,4336.73
2006-01-12,4309.54
2006-01-13,4313.09
2006-01-17,4289.24
2006-01-18,4261.349999999999
2006-01-19,4301.79
2006-01-20,4213.79
2006-01-23,4220.11
2006-01-24,4250.129999999999
2006-01-25,4241.78
2006-01-26,4285.3099999999995
2006-01-27,4320.17
2006-01-30,4322.84
2006-01-31,4319.1
2006-02-01,4328.5
2006-02-02,4278.66
2006-02-03,4250.83
2006-02-06,4251.71
2006-02-07,4216.92
2006-02-08,4253.79
2006-02-09,4237.8099999999995
2006-02-10,4246.0
2006-02-13,4213.2
2006-02-14,4257.4
2006-02-15,4281.53
2006-02-16,4315.93
2006-02-17,4300.540000000001
2006-02-21,4272.7699999999995
2006-02-22,4309.37
2006-02-23,4299.56
2006-02-24,4313.070000000001
2006-02-27,4341.929999999999
2006-02-28,4292.6900000000005
2006-03-01,4348.2300000000005
2006-03-02,4340.41
2006-03-03,4328.27
2006-03-06,4295.45
2006-03-07,4265.32
2006-03-08,4267.77
2006-03-09,4240.23
2006-03-10,4269.8
2006-03-13,4279.200000000001
2006-03-14,4329.4800000000005
2006-03-15,4357.8
2006-03-16,4348.68
2006-03-17,4359.82
2006-03-20,4364.81
2006-03-21,4327.56
2006-03-22,4353.24
2006-03-23,4349.42
2006-03-24,4369.6
2006-03-27,4371.219999999999
2006-03-28,4348.96
2006-03-29,4404.84
2006-03-30,4403.66
2006-03-31,4399.8
2006-04-03,4393.7699999999995
2006-04-04,4413.61
2006-04-05,4437.57
2006-04-06,4436.4400000000005
2006-04-07,4390.65
2006-04-10,4382.84
2006-04-11,4339.03
2006-04-12,4350.57
2006-04-13,4366.34
2006-04-17,4345.96
2006-04-18,4433.23
2006-04-19,4459.2300000000005
2006-04-20,4448.68
2006-04-21,4426.26
2006-04-24,4407.63
2006-04-25,4396.86
2006-04-26,4404.27
2006-04-27,4416.07
2006-04-28,4397.72
2006-05-01,4371.1
2006-05-02,4390.66
2006-05-03,4379.82
2006-05-04,4410.87
2006-05-05,4450.16
2006-05-08,4451.25
2006-05-09,4444.110000000001
2006-05-10,4419.53
2006-05-11,4336.09
2006-05-12,4277.42
2006-05-15,4270.66
2006-05-16,4258.68
2006-05-17,4191.97
2006-05-18,4160.6
2006-05-19,4183.45
2006-05-22,4150.18
2006-05-23,4126.63
2006-05-24,4139.01
2006-05-25,4196.7
2006-05-26,4220.08
2006-05-30,4135.65
2006-05-31,4169.9800000000005
2006-06-01,4242.07
2006-06-02,4245.08
2006-06-05,4148.83
2006-06-06,4137.59
2006-06-07,4114.7300000000005
2006-06-08,4109.78
2006-06-09,4088.7499999999995
2006-06-12,4011.9500000000003
2006-06-13,3968.88
2006-06-14,3993.13
2006-06-15,4101.360000000001
2006-06-16,4074.56
2006-06-19,4031.3100000000004
2006-06-20,4024.68
2006-06-21,4084.0699999999997
2006-06-22,4056.62
2006-06-23,4056.1099999999997
2006-06-26,4082.87
2006-06-27,4026.39
2006-06-28,4045.88
2006-06-29,4161.57
2006-06-30,4166.96
2006-07-03,4201.42
2006-07-05,4144.1
2006-07-06,4149.81
2006-07-07,4104.84
2006-07-10,4093.3499999999995
2006-07-11,4115.68
2006-07-12,4050.0099999999998
2006-07-13,3983.6800000000003
2006-07-14,3954.79
2006-07-17,3949.9
2006-07-18,3961.72
2006-07-19,4042.86
2006-07-20,3972.1600000000003
2006-07-21,3932.6200000000003
2006-07-24,4013.51
2006-07-25,4040.2200000000003
2006-07-26,4033.3100000000004
2006-07-27,4003.36
2006-07-28,4072.7199999999993
2006-07-31,4068.69
2006-08-01,4022.7999999999997
2006-08-02,4053.03
2006-08-03,4076.9900000000002
2006-08-04,4065.67
2006-08-07,4044.3199999999997
2006-08-08,4019.8
2006-08-09,4007.2800000000007
2006-08-10,4029.8199999999997
2006-08-11,4003.49
2006-08-14,4018.98
2006-08-15,4098.42
2006-08-16,4152.360000000001
2006-08-17,4165.87
2006-08-18,4177.93
2006-08-21,4150.6
2006-08-22,4156.6
2006-08-23,4126.07
2006-08-24,4131.89
2006-08-25,4134.62
2006-08-28,4169.129999999999
2006-08-29,4191.43
2006-08-30,4211.68
2006-08-31,4208.099999999999
2006-09-01,4225.73
2006-09-05,4246.46
2006-09-06,4180.14
2006-09-07,4155.78
2006-09-08,4173.25
2006-09-11,4180.36
2006-09-12,4253.3
2006-09-13,4276.44
2006-09-14,4272.610000000001
2006-09-15,4284.71
2006-09-18,4285.77
2006-09-19,4265.13
2006-09-20,4312.549999999999
2006-09-21,4282.91
2006-09-22,4252.34
2006-09-25,4302.53
2006-09-26,4327.3
2006-09-27,4332.5199999999995
2006-09-28,4341.46
2006-09-29,4319.87
2006-10-02,4287.73
2006-10-03,4296.110000000001
2006-10-04,4374.629999999999
2006-10-05,4402.64
2006-10-06,4389.389999999999
2006-10-09,4407.0
2006-10-10,4414.73
2006-10-11,4399.93
2006-10-12,4466.099999999999
2006-10-13,4485.5599999999995
2006-10-16,4502.38
2006-10-17,4473.91
2006-10-18,4466.349999999999
2006-10-19,4475.29
2006-10-20,4473.03
2006-10-23,4496.1
2006-10-24,4484.650000000001
2006-10-25,4505.96
2006-10-26,4544.219999999999
2006-10-27,4493.8
2006-10-30,4512.0599999999995
2006-10-31,4511.49
2006-11-01,4454.3099999999995
2006-11-02,4451.48
2006-11-03,4447.82
2006-11-06,4508.8099999999995
2006-11-07,4523.110000000001
2006-11-08,4540.5
2006-11-09,4516.4
2006-11-10,4539.7699999999995
2006-11-13,4563.21
2006-11-14,4608.9400000000005
2006-11-15,4631.28
2006-11-16,4639.57
2006-11-17,4635.530000000001
2006-11-20,4643.84
2006-11-21,4649.82
2006-11-22,4664.98
2006-11-24,4653.49
2006-11-27,4559.99
2006-11-28,4574.15
2006-11-29,4615.87
2006-11-30,4618.52
2006-12-01,4591.09
2006-12-04,4653.36
2006-12-05,4664.56
2006-12-06,4654.700000000001
2006-12-07,4627.27
2006-12-08,4639.76
2006-12-11,4648.97
2006-12-12,4631.57
2006-12-13,4634.37
2006-12-14,4673.56
2006-12-15,4677.0
2006-12-18,4640.07
2006-12-19,4637.200000000001
2006-12-20,4636.700000000001
2006-12-21,4617.049999999999
2006-12-22,4592.759999999999
2006-12-26,4618.58
2006-12-27,4655.789999999999
2006-12-28,4644.780000000001
2006-12-29,4621.25
2007-01-03,4627.179999999999
2007-01-04,4661.719999999999
2007-01-05,4619.83
2007-01-08,4628.03
2007-01-09,4634.2699999999995
2007-01-10,4653.05
2007-01-11,4697.12
2007-01-12,4727.81
2007-01-16,4721.16
2007-01-17,4698.8099999999995
2007-01-18,4647.79
2007-01-19,4666.97
2007-01-22,4631.9800000000005
2007-01-23,4644.78
2007-01-24,4700.4400000000005
2007-01-25,4642.33
2007-01-26,4645.81
2007-01-29,4654.81
2007-01-30,4675.43
2007-01-31,4702.51
2007-02-01,4722.09
2007-02-02,4733.6900000000005
2007-02-05,4724.280000000001
2007-02-06,4729.9
2007-02-07,4756.72
2007-02-08,4753.37
2007-02-09,4704.99
2007-02-12,4689.54
2007-02-13,4716.67
2007-02-14,4757.67
2007-02-15,4769.34
2007-02-16,4770.0
2007-02-20,4798.83
2007-02-21,4803.38
2007-02-22,4810.76
2007-02-23,4792.93
2007-02-26,4777.58
2007-02-27,4599.56
2007-02-28,4616.27
2007-03-01,4598.41
2007-03-02,4530.610000000001
2007-03-05,4474.86
2007-03-06,4559.43
2007-03-07,4542.509999999999
2007-03-08,4570.76
2007-03-09,4575.51
2007-03-12,4597.889999999999
2007-03-13,4497.64
2007-03-14,4534.59
2007-03-15,4554.589999999999
2007-03-16,4538.379999999999
2007-03-19,4583.5199999999995
2007-03-20,4612.75
2007-03-21,4698.43
2007-03-22,4694.33
2007-03-23,4694.55
2007-03-26,4702.07
2007-03-27,4668.4
2007-03-28,4631.73
2007-03-29,4639.35
2007-03-30,4643.21
2007-04-02,4650.030000000001
2007-04-03,4699.87
2007-04-04,4708.85
2007-04-05,4728.450000000001
2007-04-09,4725.43
2007-04-10,4740.51
2007-04-11,4706.42
2007-04-12,4743.17
2007-04-13,4764.17
2007-04-16,4818.1
2007-04-17,4817.389999999999
2007-04-18,4807.38
2007-04-19,4795.4
2007-04-20,4839.599999999999
2007-04-23,4832.150000000001
2007-04-24,4831.3099999999995
2007-04-25,4875.38
2007-04-26,4882.51
2007-04-27,4880.98
2007-04-30,4822.03
2007-05-01,4834.08
2007-05-02,4882.22
2007-05-03,4896.72
2007-05-04,4910.65
2007-05-07,4912.3
2007-05-08,4910.37
2007-05-09,4923.6900000000005
2007-05-10,4843.84
2007-05-11,4897.61
2007-05-14,4871.92
2007-05-15,4840.66
2007-05-16,4881.76
2007-05-17,4867.77
2007-05-18,4904.86
2007-05-21,4937.539999999999
2007-05-22,4952.0599999999995
2007-05-23,4935.87
2007-05-24,4869.2300000000005
2007-05-25,4902.85
2007-05-29,4927.7
2007-05-30,4966.17
2007-05-31,4982.32
2007-06-01,5003.71
2007-06-04,5012.56
2007-06-05,4990.43
2007-06-06,4945.7699999999995
2007-06-07,4857.42
2007-06-08,4916.52
2007-06-11,4914.45
2007-06-12,4864.49
2007-06-13,4930.5199999999995
2007-06-14,4959.5
2007-06-15,5007.8099999999995
2007-06-18,5003.929999999999
2007-06-19,5008.8
2007-06-20,4948.9800000000005
2007-06-21,4978.959999999999
2007-06-22,4926.27
2007-06-25,4902.28
2007-06-26,4893.18
2007-06-27,4950.15
2007-06-28,4953.12
2007-06-29,4940.28
2007-07-02,4996.790000000001
2007-07-03,5018.0199999999995
2007-07-05,5032.18
2007-07-06,5049.26
2007-07-09,5055.11
2007-07-10,4986.76
2007-07-11,5010.52
2007-07-12,5104.610000000001
2007-07-13,5115.27
2007-07-16,5095.320000000001
2007-07-17,5111.55
2007-07-18,5091.57
2007-07-19,5124.97
2007-07-20,5058.139999999999
2007-07-23,5067.7699999999995
2007-07-24,4962.759999999999
2007-07-25,4978.76
2007-07-26,4873.48
2007-07-27,4799.0199999999995
2007-07-30,4841.42
2007-07-31,4777.66
2007-08-01,4797.599999999999
2007-08-02,4832.17
2007-08-03,4699.73
2007-08-06,4781.39
2007-08-07,4812.44
2007-08-08,4906.13
2007-08-09,4794.45
2007-08-10,4787.3099999999995
2007-08-13,4774.969999999999
2007-08-14,4688.53
2007-08-15,4617.07
2007-08-16,4631.17
2007-08-17,4737.0
2007-08-20,4741.59
2007-08-21,4756.8
2007-08-22,4815.43
2007-08-23,4792.45
2007-08-24,4854.99
2007-08-27,4817.49
2007-08-28,4700.83
2007-08-29,4814.24
2007-08-30,4806.05
2007-08-31,4863.21
2007-09-04,4920.35
2007-09-05,4868.7
2007-09-06,4885.79
2007-09-07,4795.04
2007-09-10,4780.620000000001
2007-09-11,4851.23
2007-09-12,4841.53
2007-09-13,4865.360000000001
2007-09-14,4869.92
2007-09-17,4834.12
2007-09-18,4978.07
2007-09-19,5012.91
2007-09-20,4982.8
2007-09-21,5010.079999999999
2007-09-24,4991.4800000000005
2007-09-25,5003.66
2007-09-26,5033.570000000001
2007-09-27,5054.9800000000005
2007-09-28,5033.7
2007-10-01,5112.7699999999995
2007-10-02,5125.71
2007-10-03,5095.169999999999
2007-10-04,5105.5599999999995
2007-10-05,5182.79
2007-10-08,5180.09
2007-10-09,5214.78
2007-10-10,5219.27
2007-10-11,5161.59
2007-10-12,5208.65
2007-10-15,5158.12
2007-10-16,5125.79
2007-10-17,5158.8
2007-10-18,5164.419999999999
2007-10-19,5024.58
2007-10-22,5070.34
2007-10-23,5137.38
2007-10-24,5101.490000000001
2007-10-25,5071.37
2007-10-26,5160.860000000001
2007-10-29,5180.14
2007-10-30,5163.879999999999
2007-10-31,5236.52
2007-11-01,5098.450000000001
2007-11-02,5117.81
2007-11-05,5087.780000000001
2007-11-06,5147.219999999999
2007-11-07,5000.34
2007-11-08,4951.67
2007-11-09,4854.02
2007-11-12,4790.400000000001
2007-11-13,4943.849999999999
2007-11-14,4897.37
2007-11-15,4841.26
2007-11-16,4865.48
2007-11-19,4776.9800000000005
2007-11-20,4785.84
2007-11-21,4719.22
2007-11-23,4792.33
2007-11-26,4683.28
2007-11-27,4752.3
2007-11-28,4901.97
2007-11-29,4903.91
2007-11-30,4909.870000000001
2007-12-03,4869.52
2007-12-04,4834.68
2007-12-05,4917.01
2007-12-06,5003.32
2007-12-07,4996.34
2007-12-10,5026.11
2007-12-11,4896.27
2007-12-12,4929.44
2007-12-13,4926.36
2007-12-14,4857.62
2007-12-17,4759.42
2007-12-18,4805.07
2007-12-19,4810.14
2007-12-20,4868.5199999999995
2007-12-21,4962.05
2007-12-24,5004.34
2007-12-26,5019.099999999999
2007-12-27,4926.57
2007-12-28,4924.71
2007-12-31,4886.67
2008-01-02,4810.34
2008-01-03,4794.85
2008-01-04,4637.88
2008-01-07,4639.59
2008-01-08,4535.56
2008-01-09,4595.8
2008-01-10,4629.0599999999995
2008-01-11,4545.61
2008-01-14,4607.030000000001
2008-01-15,4495.97
2008-01-16,4467.7
2008-01-17,4360.72
2008-01-18,4338.39
2008-01-22,4274.34
2008-01-23,4348.44
2008-01-24,4405.71
2008-01-25,4345.41
2008-01-28,4406.26
2008-01-29,4425.5599999999995
2008-01-30,4400.3
2008-01-31,4481.71
2008-02-01,4539.280000000001
2008-02-04,4487.13
2008-02-05,4347.79
2008-02-06,4297.69
2008-02-07,4332.72
2008-02-08,4335.04
2008-02-11,4358.9400000000005
2008-02-12,4374.379999999999
2008-02-13,4463.07
2008-02-14,4386.719999999999
2008-02-15,4373.3099999999995
2008-02-19,4357.32
2008-02-20,4397.15
2008-02-21,4338.59
2008-02-22,4351.89
2008-02-25,4409.74
2008-02-26,4443.599999999999
2008-02-27,4450.24
2008-02-28,4404.97
2008-02-29,4288.29
2008-03-03,4274.16
2008-03-04,4268.01
2008-03-05,4290.25
2008-03-06,4187.62
2008-03-07,4165.969999999999
2008-03-10,4086.6800000000003
2008-03-11,4250.22
2008-03-12,4219.95
2008-03-13,4258.8
2008-03-14,4163.53
2008-03-17,4104.09
2008-03-18,4280.93
2008-03-19,4172.51
2008-03-20,4269.04
2008-03-24,4377.91
2008-03-25,4399.3099999999995
2008-03-26,4367.6
2008-03-27,4298.9800000000005
2008-03-28,4259.58
2008-03-31,4289.77
2008-04-01,4443.58
2008-04-02,4441.200000000001
2008-04-03,4446.18
2008-04-04,4455.110000000001
2008-04-07,4450.05
2008-04-08,4426.22
2008-04-09,4374.99
2008-04-10,4419.67
2008-04-11,4311.23
2008-04-14,4290.21
2008-04-15,4312.530000000001
2008-04-16,4428.21
2008-04-17,4415.389999999999
2008-04-18,4514.37
2008-04-21,4514.21
2008-04-22,4456.59
2008-04-23,4493.25
2008-04-24,4534.8099999999995
2008-04-25,4542.65
2008-04-28,4546.14
2008-04-29,4535.97
2008-04-30,4514.570000000001
2008-05-01,4619.8
2008-05-02,4616.63
2008-05-05,4595.96
2008-05-06,4631.36
2008-05-07,4547.2699999999995
2008-05-08,4568.47
2008-05-09,4553.85
2008-05-12,4625.299999999999
2008-05-13,4635.01
2008-05-14,4641.429999999999
2008-05-15,4700.68
2008-05-16,4695.37
2008-05-19,4681.17
2008-05-20,4641.3
2008-05-21,4566.09
2008-05-22,4591.94
2008-05-23,4544.700000000001
2008-05-27,4600.98
2008-05-28,4616.0
2008-05-29,4652.13
2008-05-30,4671.32
2008-06-02,4618.22
2008-06-03,4597.13
2008-06-04,4624.05
2008-06-05,4717.26
2008-06-06,4575.61
2008-06-09,4556.47
2008-06-10,4540.0
2008-06-11,4447.38
2008-06-12,4464.0599999999995
2008-06-13,4548.139999999999
2008-06-16,4575.66
2008-06-17,4545.23
2008-06-18,4498.23
2008-06-19,4542.72
2008-06-20,4449.75
2008-06-23,4423.549999999999
2008-06-24,4390.49
2008-06-25,4439.530000000001
2008-06-26,4302.94
2008-06-27,4292.150000000001
2008-06-30,4262.64
2008-07-01,4281.47
2008-07-02,4185.32
2008-07-03,4174.06
2008-07-07,4153.89
2008-07-08,4250.860000000001
2008-07-09,4143.33
2008-07-10,4181.68
2008-07-11,4153.5199999999995
2008-07-14,4105.67
2008-07-15,4092.97
2008-07-16,4216.96
2008-07-17,4269.25
2008-07-18,4236.54
2008-07-21,4237.16
2008-07-22,4297.78
2008-07-23,4327.26
2008-07-24,4235.04
2008-07-25,4278.63
2008-07-28,4194.7
2008-07-29,4297.37
2008-07-30,4332.839999999999
2008-07-31,4307.450000000001
2008-08-01,4287.43
2008-08-04,4238.71
2008-08-05,4355.75
2008-08-06,4393.46
2008-08-07,4335.21
2008-08-08,4444.72
2008-08-11,4496.33
2008-08-12,4465.139999999999
2008-08-13,4462.139999999999
2008-08-14,4500.9800000000005
2008-08-15,4504.09
2008-08-18,4437.55
2008-08-19,4381.08
2008-08-20,4395.22
2008-08-21,4383.35
2008-08-22,4444.51
2008-08-25,4352.97
2008-08-26,4356.99
2008-08-27,4397.07
2008-08-28,4460.11
2008-08-29,4389.85
2008-09-02,4365.33
2008-09-03,4350.62
2008-09-04,4214.49
2008-09-05,4217.04
2008-09-08,4270.41
2008-09-09,4141.61
2008-09-10,4177.9
2008-09-11,4226.2699999999995
2008-09-12,4233.2300000000005
2008-09-15,4062.37
2008-09-16,4132.15
2008-09-17,3931.62
2008-09-18,4129.29
2008-09-19,4282.72
2008-09-22,4106.51
2008-09-23,4050.7400000000002
2008-09-24,4039.3199999999997
2008-09-25,4101.49
2008-09-26,4101.4
2008-09-29,3747.87
2008-09-30,3937.8199999999997
2008-10-01,3902.05
2008-10-02,3728.67
2008-10-03,3666.02
2008-10-06,3515.76
2008-10-07,3310.0600000000004
2008-10-08,3271.84
2008-10-09,3054.24
2008-10-10,3071.21
2008-10-13,3418.49
2008-10-14,3331.67
2008-10-15,3038.28
2008-10-16,3200.71
2008-10-17,3178.27
2008-10-20,3302.27
2008-10-21,3182.38
2008-10-22,3014.5
2008-10-23,3001.94
2008-10-24,2899.92
2008-10-27,2803.2200000000003
2008-10-28,3072.53
2008-10-29,3078.1800000000003
2008-10-30,3166.79
2008-10-31,3227.22
2008-11-03,3231.13
2008-11-04,3331.84
2008-11-05,3149.0499999999997
2008-11-06,3009.42
2008-11-07,3084.1800000000003
2008-11-10,3029.0499999999997
2008-11-11,2962.1400000000003
2008-11-12,2804.3100000000004
2008-11-13,2999.22
2008-11-14,2846.66
2008-11-17,2784.1000000000004
2008-11-18,2789.8999999999996
2008-11-19,2605.38
2008-11-20,2453.87
2008-11-21,2590.92
2008-11-24,2760.63
2008-11-25,2765.2999999999997
2008-11-26,2888.64
2008-11-28,2904.95
2008-12-01,2631.35
2008-12-02,2740.43
2008-12-03,2816.88
2008-12-04,2730.3099999999995
2008-12-05,2846.4700000000003
2008-12-08,2962.82
2008-12-09,2901.72
2008-12-10,2941.1200000000003
2008-12-11,2832.6800000000003
2008-12-12,2888.8799999999997
2008-12-15,2829.48
2008-12-16,2985.92
2008-12-17,2970.32
2008-12-18,2916.8199999999997
2008-12-19,2938.46
2008-12-22,2879.05
2008-12-23,2853.3399999999997
2008-12-24,2863.54
2008-12-26,2879.81
2008-12-29,2845.89
2008-12-30,2924.11
2008-12-31,2979.7299999999996
2009-01-02,3069.8500000000004
2009-01-05,3060.51
2009-01-06,3101.79
2009-01-07,3002.81
2009-01-08,3028.75
2009-01-09,2943.2400000000002
2009-01-12,2877.8500000000004
2009-01-13,2892.04
2009-01-14,2785.4300000000003
2009-01-15,2818.2
2009-01-16,2845.8999999999996
2009-01-20,2679.73
2009-01-21,2804.0699999999997
2009-01-22,2735.8399999999997
2009-01-23,2753.6
2009-01-26,2776.09
2009-01-27,2806.19
2009-01-28,2905.45
2009-01-29,2806.2200000000003
2009-01-30,2745.83
2009-02-02,2769.48
2009-02-03,2807.71
2009-02-04,2795.7599999999998
2009-02-05,2847.17
2009-02-06,2931.0099999999998
2009-02-09,2929.39
2009-02-10,2797.66
2009-02-11,2812.1899999999996
2009-02-12,2827.32
2009-02-13,2809.56
2009-02-17,2688.73
2009-02-18,2679.5699999999997
2009-02-19,2638.4700000000003
2009-02-20,2622.24
2009-02-23,2525.63
2009-02-24,2627.45
2009-02-25,2591.77
2009-02-26,2537.25
2009-02-27,2501.95
2009-03-02,2391.4700000000003
2009-03-03,2378.3500000000004
2009-03-04,2437.9100000000003
2009-03-05,2331.5899999999997
2009-03-06,2328.28
2009-03-09,2288.4300000000003
2009-03-10,2445.63
2009-03-11,2459.3
2009-03-12,2566.96
2009-03-13,2581.1400000000003
2009-03-16,2544.27
2009-03-17,2643.82
2009-03-18,2703.2000000000003
2009-03-19,2680.7799999999997
2009-03-20,2625.92
2009-03-23,2812.41
2009-03-24,2739.0299999999997
2009-03-25,2769.35
2009-03-26,2865.1600000000003
2009-03-27,2790.1400000000003
2009-03-30,2705.3
2009-03-31,2749.21
2009-04-01,2791.8399999999997
2009-04-02,2887.2000000000003
2009-04-03,2920.5
2009-04-06,2889.75
2009-04-07,2808.8599999999997
2009-04-08,2857.94
2009-04-09,2977.2999999999997
2009-04-13,2980.09
2009-04-14,2920.4400000000005
2009-04-15,2939.99
2009-04-16,3009.62
2009-04-17,3022.04
2009-04-20,2893.09
2009-04-21,2963.98
2009-04-22,2960.4
2009-04-23,2970.75
2009-04-24,3039.26
2009-04-27,3006.45
2009-04-28,3001.81
2009-04-29,3077.05
2009-04-30,3077.6699999999996
2009-05-01,3083.7000000000003
2009-05-04,3177.6200000000003
2009-05-05,3160.4700000000003
2009-05-06,3183.7200000000003
2009-05-07,3116.57
2009-05-08,3180.05
2009-05-11,3142.42
2009-05-12,3119.45
2009-05-13,3019.9300000000003
2009-05-14,3062.9900000000002
2009-05-15,3038.86
2009-05-18,3136.8599999999997
2009-05-19,3135.9300000000003
2009-05-20,3120.66
2009-05-21,3064.8
2009-05-22,3056.63
2009-05-26,3161.07
2009-05-27,3114.0
2009-05-28,3150.83
2009-05-29,3195.0499999999997
2009-06-01,3292.88
2009-06-02,3308.17
2009-06-03,3280.3900000000003
2009-06-04,3324.16
2009-06-05,3319.8700000000003
2009-06-08,3306.33
2009-06-09,3330.49
2009-06-10,3315.94
2009-06-11,3333.3399999999997
2009-06-12,3331.84
2009-06-15,3251.9300000000003
2009-06-16,3211.8900000000003
2009-06-17,3225.8
2009-06-18,3235.57
2009-06-19,3261.42
2009-06-22,3152.04
2009-06-23,3149.79
2009-06-24,3188.2299999999996
2009-06-25,3258.98
2009-06-26,3270.34
2009-06-29,3281.9
2009-06-30,3262.6400000000003
2009-07-01,3286.51
2009-07-02,3190.15
2009-07-06,3180.1499999999996
2009-07-07,3111.45
2009-07-08,3106.41
2009-07-09,3114.5
2009-07-10,3116.14
2009-07-13,3187.57
2009-07-14,3202.09
2009-07-15,3311.22
2009-07-16,3347.79
2009-07-17,3346.21
2009-07-20,3387.38
2009-07-21,3396.0
2009-07-22,3409.1500000000005
2009-07-23,3495.74
2009-07-24,3493.6800000000003
2009-07-27,3500.9500000000003
2009-07-28,3507.08
2009-07-29,3491.29
2009-07-30,3528.8500000000004
2009-07-31,3522.69
2009-08-03,3577.0199999999995
2009-08-04,3587.7
2009-08-05,3561.76
2009-08-06,3527.86
2009-08-07,3583.13
2009-08-10,3571.21
2009-08-11,3526.2
2009-08-12,3576.7
2009-08-13,3597.27
2009-08-14,3553.51
2009-08-17,3458.7499999999995
2009-08-18,3502.02
2009-08-19,3527.35
2009-08-20,3565.27
2009-08-21,3628.54
2009-08-24,3623.79
2009-08-25,3635.45
2009-08-26,3636.57
2009-08-27,3642.48
2009-08-28,3637.56
2009-08-31,3601.75
2009-09-01,3524.9900000000002
2009-09-02,3517.6499999999996
2009-09-03,3548.9300000000003
2009-09-04,3605.68
2009-09-08,3639.54
2009-09-09,3680.16
2009-09-10,3723.06
2009-09-11,3717.2200000000003
2009-09-14,3741.1499999999996
2009-09-15,3760.11
2009-09-16,3819.29
2009-09-17,3807.71
2009-09-18,3819.04
2009-09-21,3818.67
2009-09-22,3838.65
2009-09-23,3805.66
2009-09-24,3760.1400000000003
2009-09-25,3734.2400000000002
2009-09-28,3806.9399999999996
2009-09-29,3795.0999999999995
2009-09-30,3783.7799999999997
2009-10-01,3671.08
2009-10-02,3653.5200000000004
2009-10-05,3699.7200000000003
2009-10-06,3760.27
2009-10-07,3769.99
2009-10-08,3797.16
2009-10-09,3825.6900000000005
2009-10-12,3829.14
2009-10-13,3824.7799999999997
2009-10-14,3888.19
2009-10-15,3893.19
2009-10-16,3860.6600000000003
2009-10-19,3896.5700000000006
2009-10-20,3867.9399999999996
2009-10-21,3837.2400000000002
2009-10-22,3871.58
2009-10-23,3834.93
2009-10-26,3802.48
2009-10-27,3766.49
2009-10-28,3668.6000000000004
2009-10-29,3743.88
2009-10-30,3644.07
2009-11-02,3654.48
2009-11-03,3673.3500000000004
2009-11-04,3665.14
2009-11-05,3753.1000000000004
2009-11-06,3762.0899999999997
2009-11-09,3839.45
2009-11-10,3831.0600000000004
2009-11-11,3858.12
2009-11-12,3816.5800000000004
2009-11-13,3847.6400000000003
2009-11-16,3910.0199999999995
2009-11-17,3916.4400000000005
2009-11-18,3903.0899999999997
2009-11-19,3837.4
2009-11-20,3822.1
2009-11-23,3877.06
2009-11-24,3867.41
2009-11-25,3878.8700000000003
2009-11-27,3807.1400000000003
2009-11-30,3819.96
2009-12-01,3873.87
2009-12-02,3890.3600000000006
2009-12-03,3861.84
2009-12-04,3903.12
2009-12-07,3896.42
2009-12-08,3862.63
2009-12-09,3877.71
2009-12-10,3888.59
2009-12-11,3897.09
2009-12-14,3936.0
2009-12-15,3915.2900000000004
2009-12-16,3927.3
2009-12-17,3880.38
2009-12-18,3924.73
2009-12-21,3970.31
2009-12-22,3994.29
2009-12-23,4021.2099999999996
2009-12-24,4046.2400000000002
2009-12-28,4052.6099999999997
2009-12-29,4047.78
2009-12-30,4051.11
2009-12-31,4009.64
2010-01-04,4081.5099999999998
2010-01-05,4083.7200000000003
2010-01-06,4076.1800000000003
2010-01-07,4083.71
2010-01-08,4106.71
2010-01-11,4103.38
2010-01-12,4054.0299999999997
2010-01-13,4097.139999999999
2010-01-14,4111.63
2010-01-15,4061.9799999999996
2010-01-19,4119.78
2010-01-20,4068.9
2010-01-21,4010.54
2010-01-22,3914.17
2010-01-25,3925.69
2010-01-26,3908.06
2010-01-27,3937.29
2010-01-28,3871.4599999999996
2010-01-29,3823.2599999999998
2010-02-01,3869.64
2010-02-02,3907.4300000000003
2010-02-03,3898.8499999999995
2010-02-04,3778.22
2010-02-05,3800.29
2010-02-08,3769.2799999999997
2010-02-09,3816.56
2010-02-10,3811.82
2010-02-11,3861.34
2010-02-12,3869.76
2010-02-16,3929.9
2010-02-17,3950.63
2010-02-18,3977.78
2010-02-19,3984.66
2010-02-22,3982.29
2010-02-23,3933.11
2010-02-24,3971.57
2010-02-25,3967.62
2010-02-26,3971.31
2010-03-01,4031.9300000000003
2010-03-02,4047.41
2010-03-03,4048.7299999999996
2010-03-04,4067.75
2010-03-05,4131.07
2010-03-08,4137.82
2010-03-09,4150.76
2010-03-10,4179.49
2010-03-11,4195.92
2010-03-12,4194.24
2010-03-15,4187.13
2010-03-16,4217.05
2010-03-17,4239.280000000001
2010-03-18,4238.72
2010-03-19,4208.2
2010-03-22,4244.12
2010-03-23,4279.71
2010-03-24,4250.160000000001
2010-03-25,4242.24
2010-03-26,4240.6900000000005
2010-03-29,4259.83
2010-03-30,4267.9
2010-03-31,4246.030000000001
2010-04-01,4264.66
2010-04-05,4314.62
2010-04-06,4327.73
2010-04-07,4313.07
2010-04-08,4322.89
2010-04-09,4351.37
2010-04-12,4359.41
2010-04-13,4370.32
2010-04-14,4437.91
2010-04-15,4451.57
2010-04-16,4388.01
2010-04-19,4389.03
2010-04-20,4429.03
2010-04-21,4436.74
2010-04-22,4462.05
2010-04-23,4489.35
2010-04-26,4473.86
2010-04-27,4376.45
2010-04-28,4385.4800000000005
2010-04-29,4456.44
2010-04-30,4364.4800000000005
2010-05-03,4433.82
2010-05-04,4307.55
2010-05-05,4266.74
2010-05-06,4120.02
2010-05-07,4029.52
2010-05-10,4224.01
2010-05-11,4226.58
2010-05-12,4312.8
2010-05-13,4261.650000000001
2010-05-14,4176.51
2010-05-17,4186.88
2010-05-18,4120.81
2010-05-19,4087.82
2010-05-20,3915.6400000000003
2010-05-21,3966.02
2010-05-24,3928.4100000000003
2010-05-25,3924.9999999999995
2010-05-26,3906.45
2010-05-27,4051.25
2010-05-28,4008.06
2010-06-01,3934.0
2010-06-02,4039.9700000000003
2010-06-03,4073.23
2010-06-04,3918.0200000000004
2010-06-07,3842.8599999999997
2010-06-08,3850.26
2010-06-09,3832.83
2010-06-10,3945.34
2010-06-11,3984.2
2010-06-14,3985.86
2010-06-15,4089.88
2010-06-16,4086.67
2010-06-17,4089.0499999999997
2010-06-18,4094.2300000000005
2010-06-21,4062.3199999999997
2010-06-22,4003.02
2010-06-23,3990.52
2010-06-24,3924.28
2010-06-25,3945.35
2010-06-28,3936.76
2010-06-29,3792.38
2010-06-30,3749.4399999999996
2010-07-01,3733.49
2010-07-02,3713.34
2010-07-06,3711.9700000000003
2010-07-07,3831.3999999999996
2010-07-08,3865.92
2010-07-09,3903.8399999999997
2010-07-12,3898.7200000000003
2010-07-13,3980.19
2010-07-14,3985.17
2010-07-15,3980.18
2010-07-16,3854.32
2010-07-19,3882.56
2010-07-20,3930.21
2010-07-21,3869.56
2010-07-22,3975.04
2010-07-23,4022.78
2010-07-26,4076.66
2010-07-27,4064.26
2010-07-28,4021.45
2010-07-29,4003.65
2010-07-30,4007.1899999999996
2010-08-02,4083.0800000000004
2010-08-03,4059.64
2010-08-04,4093.7700000000004
2010-08-05,4073.94
2010-08-06,4060.7899999999995
2010-08-09,4093.0
2010-08-10,4044.59
2010-08-11,3918.4900000000002
2010-08-12,3890.86
2010-08-13,3862.2200000000003
2010-08-16,3876.35
2010-08-17,3928.2799999999997
2010-08-18,3937.8999999999996
2010-08-19,3865.54
2010-08-20,3862.2300000000005
2010-08-23,3829.66
2010-08-24,3771.2200000000003
2010-08-25,3801.74
2010-08-26,3765.67
2010-08-27,3834.9800000000005
2010-08-30,3770.6099999999997
2010-08-31,3765.42
2010-09-01,3882.12
2010-09-02,3922.37
2010-09-03,3981.6200000000003
2010-09-07,3930.0199999999995
2010-09-08,3961.99
2010-09-09,3975.0
2010-09-10,3988.49
2010-09-13,4059.8900000000003
2010-09-14,4060.1
2010-09-15,4078.9000000000005
2010-09-16,4075.72
2010-09-17,4092.64
2010-09-20,4168.52
2010-09-21,4153.79
2010-09-22,4125.54
2010-09-23,4100.75
2010-09-24,4200.9
2010-09-27,4180.22
2010-09-28,4202.72
2010-09-29,4198.93
2010-09-30,4185.96
2010-10-01,4196.28
2010-10-04,4151.0
2010-10-05,4249.93
2010-10-06,4225.96
2010-10-07,4225.96
2010-10-08,4260.88
2010-10-11,4261.129999999999
2010-10-12,4283.73
2010-10-13,4325.8
2010-10-14,4313.88
2010-10-15,4348.12
2010-10-18,4375.5
2010-10-19,4297.0
2010-10-20,4337.67
2010-10-21,4338.05
2010-10-22,4365.9
2010-10-25,4384.36
2010-10-26,4389.860000000001
2010-10-27,4389.9400000000005
2010-10-28,4392.179999999999
2010-10-29,4394.02
2010-11-01,4387.780000000001
2010-11-02,4439.9800000000005
2010-11-03,4453.37
2010-11-04,4531.860000000001
2010-11-05,4541.42
2010-11-08,4540.07
2010-11-09,4502.360000000001
2010-11-10,4532.360000000001
2010-11-11,4500.64
2010-11-12,4436.6900000000005
2010-11-15,4431.51
2010-11-16,4353.52
2010-11-17,4362.370000000001
2010-11-18,4431.93
2010-11-19,4442.21
2010-11-22,4457.19
2010-11-23,4395.61
2010-11-24,4478.0
2010-11-26,4456.6900000000005
2010-11-29,4444.929999999999
2010-11-30,4405.79
2010-12-01,4498.64
2010-12-02,4552.08
2010-12-03,4572.59
2010-12-06,4578.9
2010-12-07,4586.66
2010-12-08,4601.48
2010-12-09,4617.3
2010-12-10,4654.77
2010-12-13,4637.47
2010-12-14,4640.969999999999
2010-12-15,4620.8099999999995
2010-12-16,4656.74
2010-12-17,4666.39
2010-12-20,4678.94
2010-12-21,4712.73
2010-12-22,4720.91
2010-12-23,4711.33
2010-12-27,4717.16
2010-12-28,4710.85
2010-12-29,4716.97
2010-12-30,4710.6
2010-12-31,4694.16
2011-01-03,4761.95
2011-01-04,4737.28
2011-01-05,4773.849999999999
2011-01-06,4775.16
2011-01-07,4762.5
2011-01-10,4769.13
2011-01-11,4786.07
2011-01-12,4824.65
2011-01-13,4819.7
2011-01-14,4856.11
2011-01-18,4868.43
2011-01-19,4794.17
2011-01-20,4762.63
2011-01-21,4746.07
2011-01-24,4787.67
2011-01-25,4790.39
2011-01-26,4829.85
2011-01-27,4850.25
2011-01-28,4738.629999999999
2011-01-31,4767.45
2011-02-01,4857.67
2011-02-02,4849.75
2011-02-03,4859.61
2011-02-04,4880.28
2011-02-07,4911.36
2011-02-08,4935.3099999999995
2011-02-09,4919.220000000001
2011-02-10,4925.0199999999995
2011-02-11,4960.7
2011-02-14,4975.4
2011-02-15,4952.389999999999
2011-02-16,4990.25
2011-02-17,5006.030000000001
2011-02-18,5011.78
2011-02-22,4884.82
2011-02-23,4830.04
2011-02-24,4848.18
2011-02-25,4922.88
2011-02-28,4932.94
2011-03-01,4850.82
2011-03-02,4867.41
2011-03-03,4958.6
2011-03-04,4930.8099999999995
2011-03-07,4868.01
2011-03-08,4912.25
2011-03-09,4892.93
2011-03-10,4795.66
2011-03-11,4822.72
2011-03-14,4795.53
2011-03-15,4740.53
2011-03-16,4655.6
2011-03-17,4695.290000000001
2011-03-18,4717.54
2011-03-21,4803.49
2011-03-22,4786.3
2011-03-23,4807.08
2011-03-24,4863.18
2011-03-25,4880.71
2011-03-28,4862.639999999999
2011-03-29,4905.82
2011-03-30,4945.42
2011-03-31,4950.45
2011-04-01,4968.780000000001
2011-04-04,4971.419999999999
2011-04-05,4977.129999999999
2011-04-06,4989.530000000001
2011-04-07,4979.09
2011-04-08,4949.4800000000005
2011-04-11,4929.83
2011-04-12,4881.219999999999
2011-04-13,4899.85
2011-04-14,4902.21
2011-04-15,4919.3099999999995
2011-04-18,4862.030000000001
2011-04-19,4880.599999999999
2011-04-20,4972.32
2011-04-21,5003.18
2011-04-25,5005.360000000001
2011-04-26,5047.82
2011-04-27,5083.85
2011-04-28,5094.56
2011-04-29,5102.44
2011-05-02,5080.07
2011-05-03,5042.01
2011-05-04,5008.45
2011-05-05,4979.0599999999995
2011-05-06,5001.1
2011-05-09,5032.34
2011-05-10,5084.96
2011-05-11,5027.799999999999
2011-05-12,5059.22
2011-05-13,5001.91
2011-05-16,4934.69
2011-05-17,4932.55
2011-05-18,4989.13
2011-05-19,5002.07
2011-05-20,4965.65
2011-05-23,4890.3099999999995
2011-05-24,4872.7699999999995
2011-05-25,4902.72
2011-05-26,4939.4800000000005
2011-05-27,4964.22
2011-05-31,5028.8
2011-06-01,4905.139999999999
2011-06-02,4906.9400000000005
2011-06-03,4841.070000000001
2011-06-06,4784.05
2011-06-07,4784.05
2011-06-08,4742.98
2011-06-09,4766.51
2011-06-10,4694.25
2011-06-13,4688.72
2011-06-14,4760.58
2011-06-15,4676.34
2011-06-16,4672.88
2011-06-17,4669.73
2011-06-20,4696.5
2011-06-21,4789.150000000001
2011-06-22,4756.2
2011-06-23,4772.93
2011-06-24,4719.13
2011-06-27,4773.52
2011-06-28,4843.29
2011-06-29,4867.82
2011-06-30,4921.59
2011-07-01,4995.740000000001
2011-07-05,5005.2699999999995
2011-07-06,5018.469999999999
2011-07-07,5083.99
2011-07-08,5056.179999999999
2011-07-11,4955.65
2011-07-12,4925.32
2011-07-13,4951.620000000001
2011-07-14,4894.86
2011-07-15,4934.72
2011-07-18,4886.52
2011-07-19,4987.87
2011-07-20,4972.41
2011-07-21,5019.49
2011-07-22,5045.67
2011-07-25,5011.63
2011-07-26,4996.73
2011-07-27,4870.21
2011-07-28,4866.26
2011-07-29,4845.69
2011-08-01,4824.400000000001
2011-08-02,4690.3
2011-08-03,4726.19
2011-08-04,4483.26
2011-08-05,4446.42
2011-08-08,4128.110000000001
2011-08-09,4351.21
2011-08-10,4162.02
2011-08-11,4361.21
2011-08-12,4384.29
2011-08-15,4478.32
2011-08-16,4420.97
2011-08-17,4409.4
2011-08-18,4183.59
2011-08-19,4117.07
2011-08-22,4120.54
2011-08-23,4291.48
2011-08-24,4337.86
2011-08-25,4253.32
2011-08-26,4348.44
2011-08-29,4496.84
2011-08-30,4517.110000000001
2011-08-31,4525.16
2011-09-01,4459.38
2011-09-02,4337.66
2011-09-06,4319.94
2011-09-07,4457.03
2011-09-08,4409.96
2011-09-09,4296.18
2011-09-12,4337.12
2011-09-13,4396.76
2011-09-14,4465.35
2011-09-15,4529.6900000000005
2011-09-16,4552.629999999999
2011-09-19,4519.15
2011-09-20,4482.28
2011-09-21,4369.53
2011-09-22,4228.65
2011-09-23,4272.09
2011-09-26,4345.26
2011-09-27,4402.4400000000005
2011-09-28,4294.61
2011-09-29,4303.96
2011-09-30,4190.9800000000005
2011-10-03,4044.55
2011-10-04,4177.410000000001
2011-10-05,4262.65
2011-10-06,4345.59
2011-10-07,4291.02
2011-10-10,4445.84
2011-10-11,4467.54
2011-10-12,4512.36
2011-10-13,4522.719999999999
2011-10-14,4604.889999999999
2011-10-17,4504.38
2011-10-18,4592.15
2011-10-19,4508.29
2011-10-20,4510.43
2011-10-21,4588.13
2011-10-24,4689.66
2011-10-25,4581.12
2011-10-26,4619.82
2011-10-27,4788.650000000001
2011-10-28,4783.24
2011-10-31,4678.77
2011-11-01,4539.13
2011-11-02,4611.14
2011-11-03,4710.65
2011-11-04,4685.87
2011-11-07,4701.639999999999
2011-11-08,4758.68
2011-11-09,4569.61
2011-11-10,4590.33
2011-11-11,4687.24
2011-11-14,4641.89
2011-11-15,4687.09
2011-11-16,4606.38
2011-11-17,4522.87
2011-11-18,4507.57
2011-11-21,4418.0199999999995
2011-11-22,4405.58
2011-11-23,4296.21
2011-11-25,4266.34
2011-11-28,4417.79
2011-11-29,4406.8
2011-11-30,4604.72
2011-12-01,4601.53
2011-12-02,4606.23
2011-12-05,4659.87
2011-12-06,4654.8099999999995
2011-12-07,4656.360000000001
2011-12-08,4553.41
2011-12-09,4647.44
2011-12-12,4581.88
2011-12-13,4523.0599999999995
2011-12-14,4459.59
2011-12-15,4472.77
2011-12-16,4497.04
2011-12-19,4437.049999999999
2011-12-20,4583.25
2011-12-21,4562.139999999999
2011-12-22,4598.96
2011-12-23,4631.95
2011-12-27,4641.9400000000005
2011-12-28,4574.83
2011-12-29,4621.74
2011-12-30,4603.67
